{"cells":[{"count":1,"key":"custom/speed/device","length":"not-applicable","maximumTrimLevel":1,"mode":"custom","modelID":"pro_custom","statistics":{"audioSeconds":{"count":1,"iqr":0.0,"max":56.16,"median":56.16,"min":56.16},"blockIOOperations":{"count":1,"iqr":0.0,"max":0.0,"median":0.0,"min":0.0},"contextSwitches":{"count":1,"iqr":0.0,"max":441468.0,"median":441468.0,"min":441468.0},"cpuSystemSeconds":{"count":1,"iqr":0.0,"max":6.546672,"median":6.546672,"min":6.546672},"cpuUserSeconds":{"count":1,"iqr":0.0,"max":12.604111999999999,"median":12.604111999999999,"min":12.604111999999999},"decodeWallSeconds":{"count":1,"iqr":0.0,"max":35.837,"median":35.837,"min":35.837},"finalizationMS":{"count":1,"iqr":0.0,"max":236.0,"median":236.0,"min":236.0},"generatedTokens":{"count":1,"iqr":0.0,"max":702.0,"median":702.0,"min":702.0},"gpuRecommendedWorkingSetMB":{"count":1,"iqr":0.0,"max":8192.015625,"median":8192.015625,"min":8192.015625},"gpuWorkingSetUsageRatioPeak":{"count":1,"iqr":0.0,"max":0.3225396680075302,"median":0.3225396680075302,"min":0.3225396680075302},"headroomEndMB":{"count":1,"iqr":0.0,"max":3906.2941665649414,"median":3906.2941665649414,"min":3906.2941665649414},"headroomStartMB":{"count":1,"iqr":0.0,"max":6121.6865310668945,"median":6121.6865310668945,"min":6121.6865310668945},"impliedProcessLimitMB":{"count":1,"iqr":0.0,"max":6140.71875,"median":6140.71875,"min":6140.71875},"maximumPressureLevel":{"count":1,"iqr":0.0,"max":1.0,"median":1.0,"min":1.0},"maximumTrimLevel":{"count":1,"iqr":0.0,"max":1.0,"median":1.0,"min":1.0},"memoryExitCount":{"count":1,"iqr":0.0,"max":0.0,"median":0.0,"min":0.0},"memoryPressureEventCount":{"count":1,"iqr":0.0,"max":0.0,"median":0.0,"min":0.0},"memoryTimeToPeakMS":{"count":1,"iqr":0.0,"max":33501.011917,"median":33501.011917,"min":33501.011917},"memoryTrimCount":{"count":1,"iqr":0.0,"max":1.0,"median":1.0,"min":1.0},"memoryWarningCount":{"count":1,"iqr":0.0,"max":0.0,"median":0.0,"min":0.0},"minimumHeadroomMB":{"count":1,"iqr":0.0,"max":3318.9660415649414,"median":3318.9660415649414,"min":3318.9660415649414},"mlxActivePeakMB":{"count":1,"iqr":0.0,"max":2110.244415283203,"median":2110.244415283203,"min":2110.244415283203},"mlxCachePeakMB":{"count":1,"iqr":0.0,"max":128.46296310424805,"median":128.46296310424805,"min":128.46296310424805},"mlxPeakMB":{"count":1,"iqr":0.0,"max":2595.3668298721313,"median":2595.3668298721313,"min":2595.3668298721313},"modelLoadMS":{"count":1,"iqr":0.0,"max":1027.0,"median":1027.0,"min":1027.0},"pageFaults":{"count":1,"iqr":0.0,"max":136204.0,"median":136204.0,"min":136204.0},"peakCompressedMB":{"count":1,"iqr":0.0,"max":125.328125,"median":125.328125,"min":125.328125},"peakGPUAllocatedMB":{"count":1,"iqr":0.0,"max":2642.25,"median":2642.25,"min":2642.25},"peakPhysicalFootprintMB":{"count":1,"iqr":0.0,"max":2825.0339584350586,"median":2825.0339584350586,"min":2825.0339584350586},"peakProcessBudgetUtilization":{"count":1,"iqr":0.0,"max":0.4598037041723728,"median":0.4598037041723728,"min":0.4598037041723728},"peakResidentMB":{"count":1,"iqr":0.0,"max":2036.828125,"median":2036.828125,"min":2036.828125},"physicalFootprintDeltaMB":{"count":1,"iqr":0.0,"max":2215.392364501953,"median":2215.392364501953,"min":2215.392364501953},"physicalFootprintEndMB":{"count":1,"iqr":0.0,"max":2237.7058334350586,"median":2237.7058334350586,"min":2237.7058334350586},"physicalFootprintStartMB":{"count":1,"iqr":0.0,"max":22.31346893310547,"median":22.31346893310547,"min":22.31346893310547},"residentDeltaMB":{"count":1,"iqr":0.0,"max":1951.03125,"median":1951.03125,"min":1951.03125},"residentEndMB":{"count":1,"iqr":0.0,"max":2036.828125,"median":2036.828125,"min":2036.828125},"residentStartMB":{"count":1,"iqr":0.0,"max":85.796875,"median":85.796875,"min":85.796875},"rtf":{"count":1,"iqr":0.0,"max":1.5088290232224766,"median":1.5088290232224766,"min":1.5088290232224766},"samplerBoundarySampleCount":{"count":1,"iqr":0.0,"max":17.0,"median":17.0,"min":17.0},"samplerCaptureFailureCount":{"count":1,"iqr":0.0,"max":0.0,"median":0.0,"min":0.0},"samplerCoverage":{"count":1,"iqr":0.0,"max":1.0,"median":1.0,"min":1.0},"samplerEffectiveMedianIntervalMS":{"count":1,"iqr":0.0,"max":499.580625,"median":499.580625,"min":499.580625},"samplerMaximumDriftMS":{"count":1,"iqr":0.0,"max":47.344875,"median":47.344875,"min":47.344875},"samplerMaximumLatenessMS":{"count":1,"iqr":0.0,"max":47.344875,"median":47.344875,"min":47.344875},"samplerMissedDeadlineCount":{"count":1,"iqr":0.0,"max":0.0,"median":0.0,"min":0.0},"samplerPeriodicSampleCount":{"count":1,"iqr":0.0,"max":74.0,"median":74.0,"min":74.0},"samplerSampleCount":{"count":1,"iqr":0.0,"max":93.0,"median":93.0,"min":93.0},"samplerTargetIntervalMS":{"count":1,"iqr":0.0,"max":500.0,"median":500.0,"min":500.0},"tokensPerSecond":{"count":1,"iqr":0.0,"max":19.58387770343799,"median":19.58387770343799,"min":19.58387770343799},"totalDeviceRAMMB":{"count":1,"iqr":0.0,"max":11721.0625,"median":11721.0625,"min":11721.0625}},"status":"passedWithWarnings","variant":"speed","warmState":"cold","warningCount":1,"worstQCVerdict":"pass","worstThermalState":"nominal"}],"comparison":{"baselineRunID":null,"comparable":false,"deltas":{},"key":"528ba2c2cfe175b4dd5b3e01bfa17431e0130542f7041be2d00ee100dffc1282"},"digest":"28db7291879c160ba34f79558b55643d5d7e702362f8a6dff8633b864729ae81","evidence":{"actualTakeCount":1,"crashCount":0,"crashDeltaPassed":true,"expectedTakeCount":1,"manifestDigest":"927d142b95c24e19bd7eba747acfc0aef12909356bfdc5a0ef4305a1d0a199f3","memoryContractVersion":1,"memoryQualified":true,"qcAlgorithmVersion":3,"rawTelemetryDigest":"8539279893439c96fb677f761123dab2a7197b1985ff445511c5ee75506b7147","resultBundleDigest":"not-applicable","sampleSidecarCount":1,"sampleSidecarsDigest":"57e504059e2e413d07f5ff68ae0c5da67c54451ea4be388d625adce180291b11","screenshotDigests":[],"selectedEvidenceDigest":"bd0556499d930e9e6a388148a168a5e2703e1a8e850c6605fe776049e57e765d","telemetrySchemaVersion":8,"validatorPassed":true,"validatorSchemaVersion":1},"hardware":{"chip":"Apple A19 Pro","cpuCores":6,"efficiencyCores":4,"freeStorageBytes":40220008448,"loadAverage1M":1.78173828125,"lowPowerMode":false,"marketingName":"iPhone 17 Pro","memoryBytes":12884901888,"modelIdentifier":"iPhone18,1","osBuild":"23F84","osName":"iOS","osVersion":"26.5.2","performanceCores":2,"profileID":"iphone-17-pro","thermalState":"nominal","transport":"local-network","uptimeSeconds":25535.292008125},"inputs":{"analysisProfileHash":"not-applicable","contractHash":"2f40baa27cd686443ecc9b57b30b8b3bfe85bdccd66b604be4505c93fc91614e","corpusHash":"8cd8da7ac7ba861614a9ebad8a49fe90add41dc364cc099e473c44e84422ed82","dependencyLockHash":"28e071b9a75dedb20524ae68bf70394653a78123fd12c253eb8649e11a1be072","harnessHash":"d3e5d946aa4a26da8400920940ae2e2eb3b06c64148e23da1b90a9a8b8d331d4","matrixHash":"09d2f4aa0eac65940530e1165608df65a14321297ffdc68e1b347786833f4d10","projectInputHash":"2415231c905de4f61ac7989b12e1726df2c0316c7d506434d1853e83563f47a5"},"listening":{"annotatedAt":null,"note":"","status":"not-performed"},"models":[{"artifactVersion":"2026.04.05.2","fixtureDigest":"not-applicable","integrityDigest":"6d593af97649c4955a3042f77d00687ea58d003de914f372639fdc5a96f82eb2","mode":"custom","modelID":"mlx-community/Qwen3-TTS-12Hz-1.7B-CustomVoice-4bit","quantization":"4-bit","revision":"f35faf19b0cc2160865af64ecf0f22f83d335135","runtimeProfileSignature":"qwen3_tts|custom_voice|4bit|24000|qwen3_tts_tokenizer_12hz|auto,chinese,english,french,german,italian,japanese,korean,portuguese,russian,spanish|aiden,dylan,eric,ono_anna,ryan,serena,sohee,uncle_fu,vivian|pro1b7|instruction|no_x_vector_only_clone","variant":"speed"}],"run":{"classification":"exploratory","durationSeconds":37.0,"finishedAt":"2026-07-24T06:03:03Z","id":"ios-engine-20260724-060000-1cc8ef23","kind":"engine-generation","label":"limit-900-proof","matrixScope":"focused","platform":"ios","startedAt":"2026-07-24T06:02:26Z","status":"passedWithWarnings",