{"cells":[{"count":1,"key":"custom/speed/device","length":"not-applicable","maximumTrimLevel":1,"mode":"custom","modelID":"pro_custom","statistics":{"audioSeconds":{"count":1,"iqr":0.0,"max":9.6,"median":9.6,"min":9.6},"blockIOOperations":{"count":1,"iqr":0.0,"max":0.0,"median":0.0,"min":0.0},"contextSwitches":{"count":1,"iqr":0.0,"max":79561.0,"median":79561.0,"min":79561.0},"cpuSystemSeconds":{"count":1,"iqr":0.0,"max":1.488712,"median":1.488712,"min":1.488712},"cpuUserSeconds":{"count":1,"iqr":0.0,"max":2.469815,"median":2.469815,"min":2.469815},"decodeWallSeconds":{"count":1,"iqr":0.0,"max":5.22,"median":5.22,"min":5.22},"finalizationMS":{"count":1,"iqr":0.0,"max":28.0,"median":28.0,"min":28.0},"generatedTokens":{"count":1,"iqr":0.0,"max":120.0,"median":120.0,"min":120.0},"gpuRecommendedWorkingSetMB":{"count":1,"iqr":0.0,"max":8192.015625,"median":8192.015625,"min":8192.015625},"gpuWorkingSetUsageRatioPeak":{"count":1,"iqr":0.0,"max":0.30414904756727684,"median":0.30414904756727684,"min":0.30414904756727684},"headroomEndMB":{"count":1,"iqr":0.0,"max":3870.700508117676,"median":3870.700508117676,"min":3870.700508117676},"headroomStartMB":{"count":1,"iqr":0.0,"max":6121.952178955078,"median":6121.952178955078,"min":6121.952178955078},"impliedProcessLimitMB":{"count":1,"iqr":0.0,"max":6144.0,"median":6144.0,"min":6144.0},"maximumPressureLevel":{"count":1,"iqr":0.0,"max":1.0,"median":1.0,"min":1.0},"maximumTrimLevel":{"count":1,"iqr":0.0,"max":1.0,"median":1.0,"min":1.0},"memoryExitCount":{"count":1,"iqr":0.0,"max":0.0,"median":0.0,"min":0.0},"memoryPressureEventCount":{"count":1,"iqr":0.0,"max":0.0,"median":0.0,"min":0.0},"memoryTimeToPeakMS":{"count":1,"iqr":0.0,"max":5024.706333,"median":5024.706333,"min":5024.706333},"memoryTrimCount":{"count":1,"iqr":0.0,"max":1.0,"median":1.0,"min":1.0},"memoryWarningCount":{"count":1,"iqr":0.0,"max":0.0,"median":0.0,"min":0.0},"minimumHeadroomMB":{"count":1,"iqr":0.0,"max":3401.216133117676,"median":3401.216133117676,"min":3401.216133117676},"mlxActivePeakMB":{"count":1,"iqr":0.0,"max":2109.666530609131,"median":2109.666530609131,"min":2109.666530609131},"mlxCachePeakMB":{"count":1,"iqr":0.0,"max":56.085357666015625,"median":56.085357666015625,"min":56.085357666015625},"mlxPeakMB":{"count":1,"iqr":0.0,"max":2507.2406969070435,"median":2507.2406969070435,"min":2507.2406969070435},"modelLoadMS":{"count":1,"iqr":0.0,"max":723.0,"median":723.0,"min":723.0},"pageFaults":{"count":1,"iqr":0.0,"max":135041.0,"median":135041.0,"min":135041.0},"peakCompressedMB":{"count":1,"iqr":0.0,"max":0.0,"median":0.0,"min":0.0},"peakGPUAllocatedMB":{"count":1,"iqr":0.0,"max":2491.59375,"median":2491.59375,"min":2491.59375},"peakPhysicalFootprintMB":{"count":1,"iqr":0.0,"max":2742.783866882324,"median":2742.783866882324,"min":2742.783866882324},"peakProcessBudgetUtilization":{"count":1,"iqr":0.0,"max":0.4464166450003783,"median":0.4464166450003783,"min":0.4464166450003783},"peakResidentMB":{"count":1,"iqr":0.0,"max":2171.71875,"median":2171.71875,"min":2171.71875},"physicalFootprintDeltaMB":{"count":1,"iqr":0.0,"max":2251.2516708374023,"median":2251.2516708374023,"min":2251.2516708374023},"physicalFootprintEndMB":{"count":1,"iqr":0.0,"max":2273.299491882324,"median":2273.299491882324,"min":2273.299491882324},"physicalFootprintStartMB":{"count":1,"iqr":0.0,"max":22.047821044921875,"median":22.047821044921875,"min":22.047821044921875},"residentDeltaMB":{"count":1,"iqr":0.0,"max":2085.96875,"median":2085.96875,"min":2085.96875},"residentEndMB":{"count":1,"iqr":0.0,"max":2171.71875,"median":2171.71875,"min":2171.71875},"residentStartMB":{"count":1,"iqr":0.0,"max":85.75,"median":85.75,"min":85.75},"rtf":{"count":1,"iqr":0.0,"max":1.5850435426893648,"median":1.5850435426893648,"min":1.5850435426893648},"samplerBoundarySampleCount":{"count":1,"iqr":0.0,"max":17.0,"median":17.0,"min":17.0},"samplerCaptureFailureCount":{"count":1,"iqr":0.0,"max":0.0,"median":0.0,"min":0.0},"samplerCoverage":{"count":1,"iqr":0.0,"max":1.0,"median":1.0,"min":1.0},"samplerEffectiveMedianIntervalMS":{"count":1,"iqr":0.0,"max":504.345854,"median":504.345854,"min":504.345854},"samplerMaximumDriftMS":{"count":1,"iqr":0.0,"max":49.799792,"median":49.799792,"min":49.799792},"samplerMaximumLatenessMS":{"count":1,"iqr":0.0,"max":49.799792,"median":49.799792,"min":49.799792},"samplerMissedDeadlineCount":{"count":1,"iqr":0.0,"max":0.0,"median":0.0,"min":0.0},"samplerPeriodicSampleCount":{"count":1,"iqr":0.0,"max":12.0,"median":12.0,"min":12.0},"samplerSampleCount":{"count":1,"iqr":0.0,"max":31.0,"median":31.0,"min":31.0},"samplerTargetIntervalMS":{"count":1,"iqr":0.0,"max":500.0,"median":500.0,"min":500.0},"tokensPerSecond":{"count":1,"iqr":0.0,"max":22.977360257553485,"median":22.977360257553485,"min":22.977360257553485},"totalDeviceRAMMB":{"count":1,"iqr":0.0,"max":11721.0625,"median":11721.0625,"min":11721.0625}},"status":"passedWithWarnings","variant":"speed","warmState":"cold","warningCount":1,"worstQCVerdict":"pass","worstThermalState":"nominal"}],"comparison":{"baselineRunID":null,"comparable":true,"deltas":{},"key":"f6a4d1af86a40005def0ea45187af95dc94e40d2fdbfdbc028df61b712084af9"},"digest":"3d4c9b2b34928175548af967e29fec8c3c9e83a08f56885e977b44de51c835ae","evidence":{"actualTakeCount":1,"crashCount":0,"crashDeltaPassed":true,"expectedTakeCount":1,"manifestDigest":"eda3a1524fb9deaea858db16e12b80d685ed3a6f61308f0717d677731ffdd17d","memoryContractVersion":1,"memoryQualified":true,"qcAlgorithmVersion":3,"rawTelemetryDigest":"c941df9f4c2e5ac564e3074855f9d128ddd282c9c7ab0554bccfaf723bf29fc1","resultBundleDigest":"not-applicable","sampleSidecarCount":1,"sampleSidecarsDigest":"a3f423a93076039f901b0bec74603e1c8ed481c04f1a93b43c134824eb8b549b","screenshotDigests":[],"selectedEvidenceDigest":"b7363c09fa7cdbe20638ab7c20afa10a53d1d4907aeea1cbe12a387e9e379bdb","telemetrySchemaVersion":8,"validatorPassed":true,"validatorSchemaVersion":1},"hardware":{"chip":"Apple A19 Pro","cpuCores":6,"efficiencyCores":4,"freeStorageBytes":41004294144,"loadAverage1M":1.48583984375,"lowPowerMode":false,"marketingName":"iPhone 17 Pro","memoryBytes":12884901888,"modelIdentifier":"iPhone18,1","osBuild":"23F84","osName":"iOS","osVersion":"26.5.2","performanceCores":2,"profileID":"iphone-17-pro","thermalState":"nominal","transport":"local-network","uptimeSeconds":113796.730576375},"inputs":{"analysisProfileHash":"not-applicable","contractHash":"2f40baa27cd686443ecc9b57b30b8b3bfe85bdccd66b604be4505c93fc91614e","corpusHash":"54d2471336a705ac88dd5b7c894a35019b870477c90928f276f9aeac1b4dba36","dependencyLockHash":"28e071b9a75dedb20524ae68bf70394653a78123fd12c253eb8649e11a1be072","harnessHash":"747f2571b1d314a07a2fc905eedee18dc8b860b4a873c4c2e0d1935366f3a689","matrixHash":"09d2f4aa0eac65940530e1165608df65a14321297ffdc68e1b347786833f4d10","projectInputHash":"2415231c905de4f61ac7989b12e1726df2c0316c7d506434d1853e83563f47a5"},"listening":{"annotatedAt":null,"note":"","status":"not-performed"},"models":[{"artifactVersion":"2026.04.05.2","fixtureDigest":"not-applicable","integrityDigest":"6d593af97649c4955a3042f77d00687ea58d003de914f372639fdc5a96f82eb2","mode":"custom","modelID":"mlx-community/Qwen3-TTS-12Hz-1.7B-CustomVoice-4bit","quantization":"4-bit","revision":"f35faf19b0cc2160865af64ecf0f22f83d335135","runtimeProfileSignature":"qwen3_tts|custom_voice|4bit|24000|qwen3_tts_tokenizer_12hz|auto,chinese,english,french,german,italian,japanese,korean,portuguese,russian,spanish|aiden,dylan,eric,ono_anna,ryan,serena,sohee,uncle_fu,vivian|pro1b7|instruction|no_x_vector_only_clone","variant":"speed"}],"run":{"classification":"focused","durationSeconds":6.0,"finishedAt":"2026-07-23T12:17:02Z","id":"ios-engine-20260723-121520-45ee4ab3","kind":"engine-generation","label":"ios-glass-check3","matrixScope":"focused","platform":"ios","startedAt":"2026-07-23T12:16:56Z","status":"passedWithWarnings","warnings":["memory.pressure.soft_trim"]},"schemaVersion":2,"source":{"changedPaths":[],